id,name,one_line_profile,detailed_description,domains,subtask_category,application_level,primary_language,repo_url,help_website,license,tags
1,rdkit-react,Script to perform chemical reactions on molecules using RDKit,"A Python script that utilizes RDKit to apply chemical reaction transformations (SMARTS) to a set of reactant molecules, generating product structures.",C3;C3-01,reaction_enumeration;data_generation,solver,Python,https://github.com/3D-e-Chem/rdkit-react,,Apache-2.0,rdkit;reaction-enumeration;cheminformatics
2,reagent_emb_vis,Visualization tool for exploring reagent roles in chemical reactions,"A tool for reaction data exploration that creates a map of reagents, identifying regions of similar reagent purposes to aid in understanding reaction roles.",C3;C3-01,visualization;data_analysis,solver,Python,https://github.com/Academich/reagent_emb_vis,,MIT,visualization;reagents;reaction-data
3,Jupyter Dock,Interactive Jupyter Notebooks for molecular docking protocols,"A set of interactive Jupyter Notebooks designed for performing molecular docking, including visualization, file format conversion, and result analysis.",C3;C3-01,molecular_docking;visualization,workflow,Jupyter Notebook,https://github.com/AngelRuizMoreno/Jupyter_Dock,,MIT,molecular-docking;jupyter-notebook;drug-discovery
4,ElectrochemicalKinetics.jl,Electrochemical reaction rate modeling library,A Julia library for modeling electrochemical reaction rates and generating nonequilibrium phase maps using automatic differentiation.,C3;C3-01,reaction_modeling;kinetics,library,Julia,https://github.com/BattModels/ElectrochemicalKinetics.jl,,MIT,electrochemistry;kinetics;julia
5,RxnIM,Multimodal Large Language Model for chemical reaction image parsing,"Official implementation of 'Towards Large-scale Chemical Reaction Image Parsing via a Multimodal Large Language Model', converting reaction images to structured text.",C3;C3-01,optical_chemical_structure_recognition;image_to_text,solver,Python,https://github.com/CYF2000127/RxnIM,,MIT,ocr;reaction-parsing;multimodal-llm
6,MaterialParser,Parser for chemical terms into structured chemical formulas,"A utility to compile strings of chemical terms into data structures representing chemical formulas and compositions, useful for text mining in materials science.",C3;C3-01,text_mining;data_parsing,library,Python,https://github.com/CederGroupHub/MaterialParser,,MIT,materials-science;parsing;chemical-formula
7,id-mapper,ID mapping tool for biological entities,"A tool to map identifiers for biological entities such as metabolites, reactions, and genes across different databases.",C3;C3-01,identifier_mapping;data_standardization,library,Python,https://github.com/DD-DeCaF/id-mapper,,Apache-2.0,bioinformatics;id-mapping;metabolomics
8,rdkit-scripts,Collection of RDKit scripts for cheminformatics tasks,"A repository of Python scripts utilizing RDKit for various cheminformatics tasks, simplifying common molecular manipulation and analysis workflows.",C3;C3-01,data_processing;molecular_manipulation,library,Python,https://github.com/DrrDom/rdkit-scripts,,MIT,rdkit;scripts;cheminformatics
9,rdeditor,Simple RDKit-based molecule editor GUI,"A graphical user interface for editing molecules, built using RDKit and PySide, allowing users to draw and modify chemical structures.",C3;C3-01,molecular_drawing;visualization,solver,Python,https://github.com/EBjerrum/rdeditor,,LGPL-3.0,gui;molecule-editor;rdkit
10,scikit-mol,Scikit-learn compatible molecular vectorization using RDKit,"A library providing scikit-learn compatible classes for converting RDKit molecules into machine learning-ready vectors (fingerprints, descriptors).",C3;C3-01,featurization;machine_learning,library,Python,https://github.com/EBjerrum/scikit-mol,,LGPL-3.0,scikit-learn;rdkit;molecular-fingerprints
11,CBRdb,Curated biochemical reaction database,A curated database integrating and refining biochemical reaction data from KEGG and ATLAS to support precise analyses.,C3;C3-01,database;data_curation,dataset,Python,https://github.com/ELIFE-ASU/CBRdb,,MIT,biochemistry;database;kegg
12,Molecules_Dataset_Collection,Collection of molecular datasets for property inference,"A collection of datasets containing molecules, intended for validating property inference models and machine learning tasks in chemistry.",C3;C3-01,dataset;benchmarking,dataset,None,https://github.com/GLambard/Molecules_Dataset_Collection,,MIT,dataset;molecular-properties;machine-learning
13,Click,Preprepared click chemistry reactions for RDKit,"A collection of pre-defined reaction SMARTS for 'click chemistry' reactions, ready to be used with RDKit for reaction enumeration.",C3;C3-01,reaction_enumeration;template_library,library,Python,https://github.com/Gillingham-Lab/Click,,MIT,click-chemistry;rdkit;reaction-smarts
14,HeadTailAssign,Head and tail atom assignment for polymerization,A tool that assigns head and tail atom positions in monomeric units or polymerization reactions represented in SMILES format.,C3;C3-01,atom_mapping;polymer_chemistry,solver,Python,https://github.com/IBM/HeadTailAssign,,BSD-3-Clause,polymers;smiles;atom-assignment
15,XLMExtractor-chem-reaction,Extractor for chemical reactions from patent XML files,"A script to extract chemical reaction information from US patent XML files, specifically designed for the dataset curated by Daniel M Lowe.",C3;C3-01,text_mining;data_extraction,solver,Python,https://github.com/IBM/XLMExtractor-chem-reaction,,BSD-3-Clause,patent-mining;reaction-extraction;xml
16,pipelines,Containerised cheminformatics components,"A collection of containerised components and pipelines for cheminformatics and computational chemistry tasks, facilitating reproducible workflows.",C3;C3-01,workflow_management;cheminformatics,workflow,Python,https://github.com/InformaticsMatters/pipelines,,Apache-2.0,containers;pipelines;cheminformatics
17,Reaction_Data_Cleaning,Chemical reaction data cleaning utilities,"A Python library for cleaning and standardizing chemical reaction data, likely including tasks like atom mapping verification and reagent normalization.",C3;C3-01,data_cleaning;standardization,library,Python,https://github.com/Laboratoire-de-Chemoinformatique/Reaction_Data_Cleaning,,LGPL-2.1,data-cleaning;reaction-data;cheminformatics
18,psikit,Interface between Psi4 and RDKit,"A Python library that acts as a bridge between RDKit (cheminformatics) and Psi4 (quantum chemistry), facilitating quantum mechanical calculations on RDKit molecules.",C3;C3-01,quantum_chemistry;calculation_interface,library,Python,https://github.com/Mishima-syk/psikit,,BSD-3-Clause,psi4;rdkit;quantum-chemistry
19,Levenshtein,Levenshtein SMILES augmentation for reaction datasets,"A tool for augmenting reaction datasets using Levenshtein distance-based SMILES randomization, improving model robustness.",C3;C3-01,data_augmentation;machine_learning,library,Python,https://github.com/MolecularAI/Levenshtein,,Apache-2.0,data-augmentation;smiles;reaction-prediction
20,reaction_utils,Utilities for chemical reaction datasets and templates,"A collection of utilities for processing chemical reaction datasets, including reaction template extraction and handling.",C3;C3-01,template_extraction;data_processing,library,Python,https://github.com/MolecularAI/reaction_utils,,Apache-2.0,reaction-templates;data-processing;cheminformatics
21,ctfile,Parser for chemical table files (CTfile),"A Python parser for the CTfile family of chemical file formats (Molfile, SDfile, etc.), enabling reading and writing of chemical structure data.",C3;C3-01,file_parsing;data_io,library,Python,https://github.com/MoseleyBioinformaticsLab/ctfile,http://ctfile.readthedocs.io/,BSD-3-Clause-Clear,file-parser;molfile;sdfile
22,nfp,Keras layers for molecular deep learning,"A library providing Keras layers for building end-to-end deep learning models for molecules and materials, integrating with RDKit and Pymatgen.",C3;C3-01,machine_learning;molecular_modeling,library,Python,https://github.com/NREL/nfp,,NOASSERTION,deep-learning;keras;materials-science
23,RanDepict,Random chemical structure depiction generator,"A utility to generate diverse chemical structure depictions with random styles and augmentations, useful for training optical chemical structure recognition (OCSR) models.",C3;C3-01,data_generation;visualization,solver,Python,https://github.com/OBrink/RanDepict,,MIT,ocsr;data-augmentation;chemical-structures
24,ccdutils,Tools for PDB chemical component definitions,A set of Python tools using RDKit to handle and process chemical component definitions from the wwPDB Chemical Component Dictionary.,C3;C3-01,data_processing;structural_biology,library,Python,https://github.com/PDBeurope/ccdutils,,Apache-2.0,pdb;chemical-components;rdkit
25,Free-Wilson,Free-Wilson SAR analysis implementation,An implementation of the Free-Wilson method for Structure-Activity Relationship (SAR) analysis using RDKit.,C3;C3-01,sar_analysis;drug_discovery,solver,Python,https://github.com/PatWalters/Free-Wilson,,MIT,sar;free-wilson;rdkit
26,rd_filters,Structural alert filtering using RDKit and ChEMBL,"A script to filter molecules based on structural alerts (e.g., PAINS, Glaxo) using RDKit and data from ChEMBL.",C3;C3-01,filtering;drug_discovery,solver,Python,https://github.com/PatWalters/rd_filters,,MIT,structural-alerts;filtering;chembl
27,solubility,ESOL solubility prediction implementation,An implementation of Delaney's ESOL method for estimating aqueous solubility of molecules using RDKit.,C3;C3-01,property_prediction;solubility,solver,Python,https://github.com/PatWalters/solubility,,MIT,solubility;esol;property-prediction
28,useful_rdkit_utils,Collection of useful RDKit functions,"A repository containing various helper functions and utilities for working with RDKit, addressing common cheminformatics tasks.",C3;C3-01,data_processing;cheminformatics,library,Jupyter Notebook,https://github.com/PatWalters/useful_rdkit_utils,,MIT,rdkit;utilities;cheminformatics
29,RadonPy,Polymer physical property calculation library,"A Python library to automate physical property calculations for polymer informatics, including molecular dynamics simulations.",C3;C3-01,property_prediction;polymer_informatics,library,Python,https://github.com/RadonPy/RadonPy,,BSD-3-Clause,polymers;molecular-dynamics;property-prediction
30,cheminformatics-microservice,Microservices for cheminformatics API calls,"A set of microservices designed to provide cheminformatics functionality via API calls, supporting integration into larger systems.",C3;C3-01,service_api;cheminformatics,service,JavaScript,https://github.com/Steinbeck-Lab/cheminformatics-microservice,,MIT,microservices;api;cheminformatics
31,SynTemp,Graph-based reaction template extraction,A tool for extracting reaction templates from chemical reaction data using a graph-based approach.,C3;C3-01,template_extraction;reaction_prediction,solver,Python,https://github.com/TieuLongPhan/SynTemp,,MIT,reaction-templates;graph-algorithms;retrosynthesis
32,ScaffoldGraph,Library for scaffold network generation and analysis,An open-source cheminformatics library built using RDKit and NetworkX for generating and analyzing scaffold networks and trees.,C3;C3-01,scaffold_analysis;network_analysis,library,Python,https://github.com/UCLCheminformatics/ScaffoldGraph,https://scaffoldgraph.readthedocs.io/,MIT,scaffolds;networkx;rdkit
33,moldrug,Drug-oriented optimization package on chemical space,"A Python package designed for drug-oriented optimization in chemical space, utilizing genetic algorithms for molecular generation and optimization.",Chemistry;Drug Discovery,molecular_optimization;drug_design,library,Python,https://github.com/ale94mleon/moldrug,,Apache-2.0,genetic-algorithm;optimization;drug-discovery
34,rdkit_ipynb_tools,RDKit utilities for Jupyter Notebooks,"A collection of tools and helper functions to enhance the usage of RDKit within IPython/Jupyter Notebooks, facilitating chemical data visualization and analysis.",Chemistry;Cheminformatics,visualization;data_processing,library,Jupyter Notebook,https://github.com/apahl/rdkit_ipynb_tools,,MIT,rdkit;jupyter;visualization
35,Reaction Decoder Tool (RDT),Atom-Atom Mapping Tool for chemical reactions,"A robust tool for extracting reaction templates and performing atom-atom mapping on chemical reactions, essential for reaction prediction and metabolic pathway analysis.",Chemistry;Reaction Prediction,atom_mapping;reaction_processing,solver,Java,https://github.com/asad/ReactionDecoder,https://github.com/asad/ReactionDecoder,LGPL-3.0,atom-mapping;reaction-templates;cheminformatics
36,MolPipeline,Scikit-learn wrapper for RDKit molecular processing,"A Python package that integrates RDKit molecular processing into scikit-learn pipelines, enabling streamlined machine learning workflows for cheminformatics.",Chemistry;Cheminformatics,pipeline_construction;molecular_processing,library,Jupyter Notebook,https://github.com/basf/MolPipeline,,MIT,scikit-learn;rdkit;pipeline
37,mols2grid,Interactive 2D molecule viewer for dataframes,"A Python tool that provides an interactive grid interface for viewing 2D molecular structures directly from pandas DataFrames, useful for chemical data exploration.",Chemistry;Cheminformatics,visualization;data_exploration,library,Python,https://github.com/cbouy/mols2grid,https://mols2grid.readthedocs.io/,Apache-2.0,visualization;pandas;rdkit
38,Chembience,Docker-based platform for chemoinformatics services,A containerized platform designed to facilitate the development and deployment of chemoinformatics web applications and microservices.,Chemistry;Cheminformatics,infrastructure;service_deployment,platform,Python,https://github.com/chembience/chembience,http://chembience.org,BSD-3-Clause,docker;chemoinformatics;platform
39,chembl_beaker,RDKit wrapper and REST API,"A wrapper around RDKit that exposes its functionality, often used to provide chemical utility services in the ChEMBL ecosystem.",Chemistry;Cheminformatics,molecular_processing;api_service,library,Python,https://github.com/chembl/chembl_beaker,,None,rdkit;chembl;wrapper
40,ProLIF,Protein-Ligand Interaction Fingerprints generator,"A library to generate interaction fingerprints for protein-ligand complexes from molecular dynamics trajectories or docking poses, aiding in binding analysis.",Chemistry;Structural Biology,interaction_analysis;fingerprint_generation,library,Python,https://github.com/chemosim-lab/ProLIF,https://prolif.readthedocs.io/,Apache-2.0,protein-ligand;interaction-fingerprints;molecular-dynamics
41,rxn-ebm,Energy-based modeling of chemical reactions,"A framework for modeling chemical reactions using energy-based models, capable of scoring reaction feasibility and predicting outcomes.",Chemistry;Reaction Prediction,reaction_modeling;mechanism_prediction,solver,Python,https://github.com/coleygroup/rxn-ebm,,MIT,energy-based-models;reaction-prediction;machine-learning
42,rdchiral,Stereochemistry-aware reaction template handling,"A wrapper for RDKit's reaction handling code that improves the management of stereochemistry during template extraction and application, critical for retrosynthesis.",Chemistry;Retrosynthesis,template_extraction;stereochemistry_handling,library,Jupyter Notebook,https://github.com/connorcoley/rdchiral,,MIT,stereochemistry;rdkit;retrosynthesis
43,retrotemp,Template-based retrosynthesis prediction,"A tool for performing retrosynthetic analysis by predicting reaction templates, implementing methodologies similar to Segler and Waller.",Chemistry;Retrosynthesis,retrosynthesis;template_prediction,solver,Python,https://github.com/connorcoley/retrotemp,,MIT,retrosynthesis;templates;prediction
44,Datamol,High-level molecular processing library,"A lightweight Python library built on top of RDKit that simplifies molecular processing, manipulation, and visualization tasks for cheminformatics.",Chemistry;Cheminformatics,molecular_processing;data_manipulation,library,Python,https://github.com/datamol-io/datamol,https://docs.datamol.io/,Apache-2.0,rdkit;cheminformatics;molecular-manipulation
45,chemistry_drawer,Plotly-based molecule drawer,A Python tool that leverages Plotly to create interactive and high-quality drawings of chemical molecules.,Chemistry;Visualization,visualization;plotting,library,Python,https://github.com/dylanwal/chemistry_drawer,,BSD-3-Clause,visualization;plotly;molecules
46,Indigo Toolkit,Universal cheminformatics toolkit and libraries,"A comprehensive cheminformatics toolkit providing libraries for molecule and reaction processing, canonicalization, and database search (Bingo), supporting multiple languages.",Chemistry;Cheminformatics,molecular_processing;reaction_handling;database_search,library,C++,https://github.com/epam/Indigo,https://lifescience.opensource.epam.com/indigo/,Apache-2.0,cheminformatics;toolkit;reaction-processing
47,Indigo ELN,Open Source Electronic Lab Notebook,"An open-source Electronic Lab Notebook (ELN) for chemistry, facilitating the recording, management, and searching of chemical experiments and reaction data.",Chemistry;Lab Automation,data_management;experiment_tracking,platform,Java,https://github.com/epam/Indigo-ELN-v.-2.0,,MIT,eln;lab-notebook;data-management
48,Indigo (GGA Software),Cheminformatics toolkit (Legacy/Mirror),A cheminformatics toolkit and RDBMS data cartridge (Bingo) for Oracle/SQL Server/PostgreSQL. (Note: Likely the predecessor or mirror of the EPAM Indigo toolkit).,Chemistry;Cheminformatics,molecular_processing;database_cartridge,library,C++,https://github.com/ggasoftware/indigo,,None,cheminformatics;oracle-cartridge;bingo
49,Enzymemap,Atom mapping and correction for enzymatic reactions,"A Python package designed to perform atom mapping, correct reaction representations, and suggest enzymatic reactions, improving data quality for biocatalysis.",Chemistry;Biocatalysis,atom_mapping;reaction_correction,library,Python,https://github.com/hesther/enzymemap,,MIT,enzymatic-reactions;atom-mapping;biocatalysis
50,espsim,Shape and ESP similarity scoring,"A tool for calculating molecular similarity based on shape and Electrostatic Potential (ESP) using RDKit, useful for virtual screening and bioisostere replacement.",Chemistry;Drug Discovery,similarity_scoring;molecular_modeling,library,Jupyter Notebook,https://github.com/hesther/espsim,,MIT,electrostatic-potential;shape-similarity;rdkit
51,ReactionDatabase,Database of atom-mapped reaction SMILES,"A structured collection of reaction properties including atom-mapped reaction SMILES, serving as a dataset resource for reaction prediction models.",Chemistry;Reaction Prediction,dataset;reaction_data,dataset,,https://github.com/hesther/reactiondatabase,,None,reaction-dataset;atom-mapping;smiles
52,templatecorr,Hierarchical template correction for reactions,"A Python tool for the hierarchical correction of reaction templates, aiding in the standardization and cleaning of reaction data for machine learning.",Chemistry;Reaction Prediction,template_extraction;data_cleaning,library,Python,https://github.com/hesther/templatecorr,,BSD-3-Clause,reaction-templates;data-cleaning;hierarchical-correction
53,MolReactGen,Causal language model for molecule and reaction generation,"An auto-regressive causal language model based on GPT-2 for generating molecules (SMILES) and reaction templates (SMARTS), facilitating chemical space exploration.",Chemistry;Generative AI,molecular_generation;reaction_generation,solver,Jupyter Notebook,https://github.com/hogru/MolReactGen,,MIT,gpt-2;generative-model;smiles-generation
54,xyz2mol,Converts XYZ coordinates to RDKit molecular objects with connectivity,"A tool that converts Cartesian coordinates (XYZ) to molecular structures (RDKit Mol objects) by inferring connectivity and bond orders, useful for processing quantum chemistry output.",Chemistry;C3-01,file_conversion;structure_generation,library,Python,https://github.com/jensengroup/xyz2mol,,MIT,rdkit;xyz;topology-generation
55,ChemRxnExtractor,Toolkit for extracting chemical reactions from scientific literature,"A deep learning-based toolkit designed to automatically extract chemical reaction information (reactants, products, conditions) from scientific text, supporting data mining and database construction.",Chemistry;C3-01,reaction_extraction;text_mining,solver,Python,https://github.com/jiangfeng1124/ChemRxnExtractor,,MIT,nlp;reaction-extraction;text-mining
56,AQME,Automated Quantum Mechanical Environments for workflows,"An automated workflow tool for generating conformers (RDKit/CREST), creating QM input files, and post-processing QM outputs, designed to streamline quantum chemistry tasks.",Chemistry;Quantum Chemistry,workflow_automation;conformer_generation;qm_input_generation,workflow,Python,https://github.com/jvalegre/aqme,https://aqme.readthedocs.io,MIT,quantum-chemistry;automation;conformer-generation
57,Retrosynthesis-Prediction,Transformer-based model for retrosynthesis prediction,"An implementation of Transformer sequence-to-sequence models for predicting retrosynthetic routes, including data augmentation strategies for reaction SMILES.",Chemistry;C3,retrosynthesis;reaction_prediction,solver,Jupyter Notebook,https://github.com/kheyer/Retrosynthesis-Prediction,,None,retrosynthesis;transformer;deep-learning
58,Scopy,Library for negative design and HTS/VS database filtering,"A Python library designed for high-throughput screening (HTS) and virtual screening (VS) database design, focusing on negative design (filtering out undesirable compounds) and calculating molecular descriptors.",Chemistry;Drug Discovery,library_design;filtering;admet_prediction,library,Python,https://github.com/kotori-y/Scopy,,MIT,drug-design;screening;filtering
59,scikit-chem,High-level cheminformatics package built on RDKit,"A cheminformatics library that provides a more Pythonic and high-level interface to RDKit, integrating well with the scientific Python stack (numpy, pandas) for molecular data analysis.",Chemistry;C3-01,cheminformatics;data_processing,library,Python,https://github.com/lewisacidic/scikit-chem,,NOASSERTION,rdkit;wrapper;cheminformatics
60,PIDGINv3,Protein target prediction using random forests,"A tool for predicting protein targets for chemical compounds using Random Forest models and reliability-density neighbourhood analysis, aiding in drug discovery and target identification.",Chemistry;Biology,target_prediction;drug_discovery,solver,Python,https://github.com/lhm30/PIDGINv3,,GPL-3.0,target-prediction;machine-learning;bioinformatics
61,eMolFrag,Molecular fragmentation tool based on BRICS algorithm,"A Python implementation of the BRICS algorithm for decomposing molecules into fragments, useful for fragment-based drug design and retrosynthetic analysis.",Chemistry;C3,molecular_fragmentation;structure_decomposition,library,Python,https://github.com/liutairan/eMolFrag,,GPL-3.0,fragmentation;brics;cheminformatics
62,PoseBusters,Plausibility checks for generated molecule poses,"A test suite for validating generated molecular poses, checking for chemical and physical plausibility (e.g., bond lengths, clashes) to ensure quality in molecular docking or generative models.",Chemistry;Drug Discovery,quality_control;pose_validation,library,Python,https://github.com/maabuu/posebusters,,MIT,docking;validation;molecular-modeling
63,OChemR,Optical Chemical Reaction Recognition using Vision Transformers,"A tool that uses Vision Transformers (DETR) to detect and classify molecules, text, and arrows from chemical reaction images, converting them into machine-readable formats like SMILES.",Chemistry;C3-01,reaction_extraction;ocsr;image_recognition,solver,Jupyter Notebook,https://github.com/markmartorilopez/OChemR,,MIT,computer-vision;reaction-extraction;transformer
64,molecular_rectifier,Automated correction of unsanitizable RDKit molecules,"A utility to automatically fix and sanitize molecular structures that fail standard RDKit sanitization checks, handling common valence and connectivity errors.",Chemistry;C3-01,data_cleaning;structure_correction,library,Python,https://github.com/matteoferla/molecular_rectifier,,MIT,rdkit;sanitization;error-correction
65,rdkit_to_params,Generates Rosetta params files from RDKit molecules,"A tool to create and modify Rosetta topology (params) files from RDKit molecule objects, facilitating the use of small molecules in Rosetta modeling workflows.",Chemistry;Structural Biology,file_conversion;parameter_generation,library,Python,https://github.com/matteoferla/rdkit_to_params,,MIT,rosetta;parameterization;rdkit
66,MolVS,Molecule Validation and Standardization library,"A standard Python library for validating, standardizing, and salt-stripping chemical structures, ensuring data consistency for cheminformatics pipelines.",Chemistry;C3-01,data_cleaning;standardization;normalization,library,Python,https://github.com/mcs07/MolVS,,MIT,standardization;validation;rdkit
67,ODDT,Open Drug Discovery Toolkit,"A modular and comprehensive toolkit for computer-aided drug discovery (CADD), providing unified interfaces for various cheminformatics backends (OpenBabel, RDKit) and implementing scoring functions and interaction fingerprints.",Chemistry;Drug Discovery,drug_discovery;scoring;virtual_screening,library,Python,https://github.com/oddt/oddt,,BSD-3-Clause,cadd;scoring-functions;interaction-fingerprints
68,ORD Schema,Schema and utilities for the Open Reaction Database,"Provides the data schema (Protocol Buffers) and Python/JavaScript libraries for defining, validating, and manipulating chemical reaction data in the Open Reaction Database format.",Chemistry;C3-01,data_standardization;database_schema,library,JavaScript,https://github.com/open-reaction-database/ord-schema,,Apache-2.0,reaction-database;schema;standardization
69,RDKit,Open source cheminformatics and machine learning software,"The core RDKit library providing extensive functionality for cheminformatics, molecular modeling, descriptor calculation, and chemical data handling.",Chemistry;C3,cheminformatics;molecular_modeling,library,C++,https://github.com/rdkit/rdkit,https://www.rdkit.org,BSD-3-Clause,cheminformatics;molecular-descriptors;fingerprints
70,RDKit.js,JavaScript port of the RDKit cheminformatics library,"A JavaScript library that brings RDKit's cheminformatics capabilities to web browsers and Node.js, enabling client-side molecular rendering and processing.",Chemistry;C3,cheminformatics;visualization,library,JavaScript,https://github.com/rdkit/rdkit-js,,BSD-3-Clause,web-cheminformatics;visualization;wasm
71,chemicalite,SQLite extension for storing and searching chemical structures,"A chemical database extension for SQLite that adds support for molecular structure storage, substructure search, and similarity search directly within the database engine.",Chemistry;Cheminformatics,data_storage;structure_search,library,C++,https://github.com/rvianello/chemicalite,,BSD-3-Clause,sqlite;cheminformatics;database-extension
72,rxn-reaction-preprocessing,Preprocessing pipeline for chemical reaction datasets,"A library for preprocessing chemical reaction data, offering functionalities for standardization, filtering, augmentation, and tokenization, developed by IBM Research.",C3;C3-01,reaction_cleaning;data_augmentation;tokenization,library,Python,https://github.com/rxn4chemistry/rxn-reaction-preprocessing,,MIT,reaction-prediction;preprocessing;nlp-for-chemistry
73,rxn-standardization,Chemical compound standardization using language models,"A tool for standardizing chemical compounds and reaction representations, leveraging language models to ensure data consistency for downstream tasks.",C3;C3-01,standardization;normalization,library,Python,https://github.com/rxn4chemistry/rxn-standardization,,MIT,standardization;transformers;chemistry
74,rxnaamapper,Reaction atom-mapping via language modeling,"A tool for generating atom-to-atom mappings in chemical reactions using a language model approach, facilitating reaction understanding and mechanism analysis.",C3;C3-01,atom_mapping,solver,Python,https://github.com/rxn4chemistry/rxnaamapper,,MIT,atom-mapping;attention-mechanism;reaction-smiles
75,rxnfp,Chemical reaction fingerprints and classification,"A library for generating data-driven reaction fingerprints using attention-based neural networks, enabling reaction classification and chemical space mapping.",C3;C3-01,representation_learning;reaction_classification;fingerprinting,library,Python,https://github.com/rxn4chemistry/rxnfp,http://rdcu.be/cenmd,MIT,fingerprints;bert;reaction-classification
76,rxnmapper,Unsupervised attention-guided atom-mapping tool,A state-of-the-art tool for extracting atom-to-atom mappings from chemical reactions using unsupervised learning and attention mechanisms from Transformer models.,C3;C3-01,atom_mapping,solver,Python,https://github.com/rxn4chemistry/rxnmapper,https://rxnmapper.ai,MIT,atom-mapping;transformers;unsupervised-learning
77,LocalMapper,Precise reaction atom-to-atom mapping tool,"A tool for generating precise atom-to-atom mappings for chemical reactions, designed to handle complex reaction mechanisms.",C3;C3-01,atom_mapping,solver,Python,https://github.com/snu-micc/LocalMapper,,None,atom-mapping;reaction-prediction;chemistry
78,ORDerly,Cleaning and extraction of Open Reaction Database (ORD) data,"A library and benchmark suite for extracting, cleaning, and structuring chemical reaction data from the Open Reaction Database (ORD) for machine learning applications.",C3;C3-01,data_cleaning;dataset_extraction;benchmarking,library,Python,https://github.com/sustainable-processes/ORDerly,,MIT,ord;data-cleaning;reaction-database
79,pharmacophore-toolkit,Simple pharmacophore model generation from RDKit,"A toolkit for generating pharmacophore models from molecular structures using RDKit, aiding in drug design and virtual screening.",Chemistry;Drug Discovery,pharmacophore_modeling;virtual_screening,library,Python,https://github.com/tlint101/pharmacophore-toolkit,,GPL-3.0,pharmacophore;rdkit;drug-design
80,molplotly,Interactive molecule visualization for Plotly,An add-on for Plotly that enables interactive visualization of chemical structures (2D images) on mouseover events in scatter plots.,Chemistry;Visualization,visualization;data_exploration,library,Python,https://github.com/wjm41/molplotly,,Apache-2.0,visualization;plotly;rdkit
81,RDMC,Reaction Data and Molecular Conformers package,"A package for handling chemical reactions, molecules, and conformers, with a focus on 3D structure manipulation and analysis.",Chemistry;C3,conformer_generation;reaction_modeling;3d_structure,library,Python,https://github.com/xiaoruiDong/RDMC,,MIT,conformers;rdkit;reaction-data
82,Reagents,Reagent prediction model using Molecular Transformer,"A tool for predicting reagents in chemical reactions using a Molecular Transformer architecture, improving data for reaction product prediction in a self-supervised fashion.",Chemistry;C3;C3-02,reaction_prediction;reagent_prediction,solver,Jupyter Notebook,https://github.com/Academich/reagents,,MIT,reaction-prediction;transformer;reagents
83,AutoWRFChem-Base,Automation workflow for running WRF-Chem simulations,"Stand-alone code to automatically run WRF-Chem simulations with NEI and MEGAN emissions and MOZART boundary conditions, facilitating atmospheric chemistry modeling.",Earth Science;Atmospheric Chemistry,simulation;workflow_automation,workflow,Python,https://github.com/CohenBerkeleyLab/AutoWRFChem-Base,,Unlicense,wrf-chem;atmospheric-chemistry;automation
84,Reaction Condition Recommendation,Machine learning model for reaction condition prediction,Code for training and deploying machine learning models specifically designed to recommend reaction conditions for organic chemistry reactions.,Chemistry;C3;C3-02,reaction_condition_prediction,solver,Python,https://github.com/Coughy1991/Reaction_condition_recommendation,,None,reaction-conditions;machine-learning;organic-chemistry
85,Equivariant-Graph-Transformer,Hybrid EGNN and Transformer for molecular property prediction,A deep neural network architecture combining Equivariant Graph Neural Networks (EGNN) and Transformers for accurate prediction of molecular properties.,Chemistry;C3,property_prediction,solver,Jupyter Notebook,https://github.com/Curtis-Wu/Equivariant-Graph-Transformer,,None,egnn;transformer;molecular-properties
86,SMILES Transformer,Pre-trained molecular fingerprinting using Transformers,"Implementation of the SMILES Transformer for generating pre-trained molecular fingerprints, useful for low-data drug discovery tasks.",Chemistry;C3,representation_learning;fingerprinting,library,Jupyter Notebook,https://github.com/DSPsleeporg/smiles-transformer,,MIT,smiles;transformer;fingerprint;drug-discovery
87,MPerformer,SE(3) Transformer-based Molecular Perceptron,"An SE(3) Transformer-based model designed for molecular property prediction, leveraging geometric deep learning.",Chemistry;C3,property_prediction;geometric_deep_learning,solver,Python,https://github.com/FanmengWang/MPerformer,,GPL-3.0,se3-transformer;molecular-property;geometric-dl
88,WGFormer,SE(3)-Transformer for molecular conformation prediction,An SE(3)-Transformer driven by Wasserstein Gradient Flows for predicting molecular ground-state conformations.,Chemistry;C3,conformation_prediction,solver,Python,https://github.com/FanmengWang/WGFormer,,GPL-3.0,conformation;se3-transformer;wasserstein
89,Llamol,Dynamic multi-conditional generative transformer for molecular design,A generative transformer model capable of de novo molecular design conditioned on multiple dynamic properties.,Chemistry;C3,molecular_generation;de_novo_design,solver,Python,https://github.com/Fraunhofer-SCAI/llamol,https://doi.org/10.1186/s13321-024-00863-8,NOASSERTION,generative-model;molecular-design;transformer
90,t5chem,Transformer-based model for chemical reaction tasks,"A unified Transformer-based model (T5) for various chemical reaction tasks including reaction prediction, retrosynthesis, and property prediction.",Chemistry;C3;C3-02,reaction_prediction;retrosynthesis,solver,Python,https://github.com/HelloJocelynLu/t5chem,,MIT,t5;reaction-prediction;retrosynthesis
91,ChemCoTBench,LLM Reasoning Benchmark & Dataset for Chemistry,A benchmark and Chain-of-Thoughts dataset designed to evaluate Large Language Models on chemistry reasoning tasks.,Chemistry;C3,benchmark;reasoning,dataset,Python,https://github.com/IDEA-XL/ChemCoTBench,,None,llm;benchmark;chemistry-reasoning
92,ABT-MPNN,Atom-bond transformer-based MPNN for molecular properties,An Atom-Bond Transformer-based Message Passing Neural Network (ABT-MPNN) for accurate molecular property prediction.,Chemistry;C3,property_prediction,solver,Python,https://github.com/LCY02/ABT-MPNN,,MIT,mpnn;transformer;molecular-property
93,TyphoFormer,LLM-Augmented Transformer for Typhoon Track Prediction,"A spatial-temporal transformer model augmented with LLMs for predicting typhoon tracks, serving the domain of meteorology and earth science.",Earth Science;Meteorology,weather_prediction;track_prediction,solver,Python,https://github.com/LabRAI/TyphoFormer,,None,typhoon;transformer;meteorology
94,Organic Reaction Prediction NMT,NMT-based organic reaction prediction,An implementation of Neural Machine Translation (NMT) with attention mechanisms for predicting organic chemistry reactions.,Chemistry;C3;C3-02,reaction_prediction,solver,Python,https://github.com/ManzoorElahi/organic-chemistry-reaction-prediction-using-NMT,,None,nmt;reaction-prediction;organic-chemistry
95,Levenshtein SMILES Augmentation,Data augmentation tool for chemical reaction datasets using Levenshtein distance,"A Python utility for augmenting reaction SMILES datasets by applying Levenshtein distance-based modifications, developed by MolecularAI (AstraZeneca) to improve robustness of chemical reaction models.",Chemistry;C3;C3-02,data_augmentation;data_processing,library,Python,https://github.com/MolecularAI/Levenshtein,,Apache-2.0,smiles;data-augmentation;chemistry
96,Deep Molecular Optimization,Molecular optimization framework using Seq2Seq and Transformers,"A deep learning framework for molecular optimization that captures chemical intuition using Sequence-to-Sequence models with attention mechanisms and Transformers, facilitating de novo molecular design.",Chemistry;Drug Discovery,molecular_design;optimization,library,Python,https://github.com/MolecularAI/deep-molecular-optimization,,Apache-2.0,molecular-optimization;transformer;seq2seq
97,EvalRetro,Benchmarking framework for single-step retrosynthesis algorithms,"A comprehensive repository for evaluating and benchmarking various single-step retrosynthesis prediction algorithms, providing standardized metrics and datasets for chemical synthesis research.",Chemistry;C3;C3-02,benchmarking;retrosynthesis,solver,Python,https://github.com/OptiMaL-PSE-Lab/EvalRetro,,MIT,retrosynthesis;benchmarking;chemistry
98,SiGra,Single-cell spatial elucidation using image-augmented graph transformers,A tool for single-cell spatial analysis that integrates histology images and gene expression data using a graph transformer model to elucidate spatial domains and cell-cell interactions.,Biology;Spatial Transcriptomics,spatial_analysis;single_cell,solver,Jupyter Notebook,https://github.com/QSong-github/SiGra,,MIT,single-cell;spatial-transcriptomics;graph-transformer
99,GET,Generalist Equivariant Transformer for 3D molecular interaction learning,"Implementation of the Generalist Equivariant Transformer (GET) for modeling 3D molecular interactions, applicable to tasks like protein-ligand binding and molecular property prediction.",Chemistry;Biology,molecular_interaction;structure_prediction,solver,Python,https://github.com/THUNLP-MT/GET,,MIT,molecular-interaction;equivariant-transformer;3d-structure
100,MEGANet,Multi-scale Edge-Guided Attention Network for polyp segmentation,"A deep learning model for medical image segmentation, specifically designed for polyp detection in colonoscopy images using multi-scale edge-guided attention mechanisms.",Medical Imaging;Biology,segmentation;medical_diagnosis,solver,Python,https://github.com/UARK-AICV/MEGANet,,None,medical-imaging;segmentation;polyp-detection
101,Meganet.m,MATLAB library for Deep Learning as Optimal Control (SciML),"A MATLAB framework implementing deep learning architectures as discretized optimal control problems (ODEs), widely used in scientific machine learning and inverse problems.",Scientific Machine Learning;Physics,modeling;inverse_problems,library,MATLAB,https://github.com/XtractOpen/Meganet.m,,NOASSERTION,sciml;ode;optimal-control
102,EnvRtype,R toolkit for environmental characterization and genomic prediction,"An R package for collecting environmental data from GIS platforms and performing environmental characterization, specifically designed for genomic prediction of reaction norms in ecology and breeding.",Ecology;Genomics,environmental_analysis;genomic_prediction,library,R,https://github.com/allogamous/EnvRtype,,None,ecology;genomics;gis
103,Rexgen Direct,Template-free prediction of organic reaction outcomes using graph neural networks,"A data-driven, template-free approach for predicting the outcomes of organic chemical reactions. It treats reaction prediction as a graph-to-graph translation problem, identifying reaction centers and generating product structures directly from reactant graphs without relying on predefined reaction templates.",Chemistry;C3;C3-02,reaction_prediction;forward_synthesis,solver,Jupyter Notebook,https://github.com/connorcoley/rexgen_direct,,GPL-3.0,reaction-prediction;organic-chemistry;graph-neural-networks;template-free
104,SolTranNet,Aqueous solubility prediction using molecular transformers,"A deep learning tool for predicting the aqueous solubility of organic molecules. It utilizes a Transformer-based architecture adapted for SMILES strings to estimate LogS values, aiding in drug discovery and chemical property screening.",Chemistry;C2;C2-01,solubility_prediction;property_prediction,solver,Python,https://github.com/gnina/SolTranNet,,Apache-2.0,solubility;molecular-transformer;property-prediction;drug-discovery
105,MALT,High-throughput sequence alignment tool for metagenomics,"MALT (MEGAN Alignment Tool) is a sequence alignment and analysis tool designed for processing high-throughput sequencing data, specifically for metagenomic analysis.",Bioinformatics;Metagenomics,sequence_alignment;metagenomics,solver,Java,https://github.com/husonlab/malt,https://uni-tuebingen.de/fakultaeten/mathematisch-naturwissenschaftliche-fakultaet/fachbereiche/informatik/lehrstuehle/algorithms-in-bioinformatics/software/malt/,GPL-3.0,alignment;metagenomics;sequencing
106,MEGAN Community Edition,Interactive tool for metagenomic data analysis and visualization,"MEGAN (MEtaGenome ANalyzer) is a comprehensive toolbox for interactively analyzing and comparing microbiome data, allowing users to explore the taxonomic and functional content of their data.",Bioinformatics;Metagenomics,data_analysis;visualization;taxonomic_profiling,platform,Java,https://github.com/husonlab/megan-ce,https://uni-tuebingen.de/fakultaeten/mathematisch-naturwissenschaftliche-fakultaet/fachbereiche/informatik/lehrstuehle/algorithms-in-bioinformatics/software/megan6/,GPL-3.0,metagenomics;visualization;microbiome
107,GREAD,Graph Neural Reaction-Diffusion Networks for modeling dynamic systems,"GREAD implements a graph neural network framework designed to model reaction-diffusion processes, applicable to physics and chemical dynamics simulations.",Physics;Chemistry,dynamic_modeling;reaction_diffusion,solver,Python,https://github.com/jeongwhanchoi/GREAD,,Apache-2.0,reaction-diffusion;graph-neural-networks;dynamics
108,synthesis-dags,Search algorithm over molecule synthesis DAGs for retrosynthesis,"Implements an approach to search over molecule synthesis Directed Acyclic Graphs (DAGs), facilitating single-step and multi-step retrosynthesis planning.",C3;C3-02,retrosynthesis;synthesis_planning,solver,Python,https://github.com/john-bradshaw/synthesis-dags,,GPL-3.0,retrosynthesis;dag-search;planning
109,LocalTransform,Predicting organic reaction outcomes using local graph transformations,LocalTransform is a template-free reaction prediction model that predicts organic reactivity by learning local graph transformations.,C3;C3-02,reaction_prediction;forward_synthesis,solver,Jupyter Notebook,https://github.com/kaist-amsg/LocalTransform,,None,reaction-prediction;organic-chemistry;graph-neural-networks
110,MolTrans,Molecular Interaction Transformer for Drug-Target Interaction Prediction,MolTrans is a deep learning framework that uses substructure pattern mining and interaction modeling to predict drug-target interactions.,Drug Discovery;Bioinformatics,interaction_prediction;dti,solver,Jupyter Notebook,https://github.com/kexinhuang12345/MolTrans,,BSD-3-Clause,drug-target-interaction;transformer;molecular-interaction
111,Deep-Synthesis,Deep learning framework for chemical synthesis prediction,A framework utilizing sequence-to-sequence models for predicting chemical reaction outcomes and retrosynthetic pathways.,C3;C3-02,reaction_prediction;retrosynthesis,solver,Python,https://github.com/kheyer/Deep-Synthesis,,None,chemical-synthesis;seq2seq;deep-learning
112,MoleculeDiffusionTransformer,Molecular generation using diffusion and autoregressive transformers,"A model for generating molecular structures combining diffusion models with autoregressive transformer architectures, developed at MIT.",C3,molecular_generation;generative_model,solver,Jupyter Notebook,https://github.com/lamm-mit/MoleculeDiffusionTransformer,,None,diffusion-model;molecular-generation;transformer
113,RXNGraphormer,Unified framework for reaction performance prediction and synthesis planning,"Official implementation of RXNGraphormer, a pre-trained deep learning framework designed for cross-task chemical reaction performance prediction and synthesis planning.",C3;C3-02,reaction_prediction;synthesis_planning;yield_prediction,solver,Jupyter Notebook,https://github.com/licheng-xu-echo/RXNGraphormer,,MIT,graphormer;synthesis-planning;reaction-yield
114,Graph-DiT,Graph Diffusion Transformer for Multi-Conditional Molecular Generation,Implementation of Graph Diffusion Transformer (Graph-DiT) for generating molecular graphs under multiple conditions.,C3,molecular_generation;conditional_generation,solver,Python,https://github.com/liugangcode/Graph-DiT,,None,diffusion-transformer;molecular-generation;graph-neural-networks
115,Transformer-M,Transformer model for understanding 2D and 3D molecular data,Transformer-M is a versatile molecular model that can process and understand both 2D topology and 3D geometric structures of molecules.,C3,molecular_representation;property_prediction,solver,Python,https://github.com/lsj2408/Transformer-M,,MIT,molecular-representation;3d-geometry;transformer
116,Graphormer,General-purpose deep learning backbone for molecular modeling,"Graphormer is a graph transformer model designed as a general-purpose backbone for various molecular modeling tasks, including property prediction and conformational analysis.",C3;Materials,molecular_modeling;property_prediction,library,Python,https://github.com/microsoft/Graphormer,https://graphormer.readthedocs.io/,MIT,graph-transformer;molecular-modeling;deep-learning
117,MEGAN (Molecule Edit Graph Attention Network),Modeling chemical reactions as sequences of graph edits,"MEGAN models chemical reactions by predicting a sequence of graph edits to transform reactants into products, useful for reaction prediction.",C3;C3-02,reaction_prediction;graph_edit,solver,Python,https://github.com/molecule-one/megan,,MIT,reaction-prediction;graph-neural-networks;graph-edit
118,MolecularTransformerEmbeddings,Transformer for translating molecular text representations and embeddings,"A Transformer neural network trained to translate between different molecular text representations (e.g., SMILES, IUPAC) and generate molecular embeddings.",C3,molecular_representation;embedding;translation,solver,Jupyter Notebook,https://github.com/mpcrlab/MolecularTransformerEmbeddings,,MIT,molecular-embeddings;transformer;smiles
119,citationchaser,Tool for forward and backward citation chasing in systematic reviews,"An R package and Shiny app for performing forward and backward citation chasing as part of an evidence synthesis project, helping researchers identify relevant literature.",Scientometrics;Evidence Synthesis,literature_review;citation_analysis,library,R,https://github.com/nealhaddaway/citationchaser,,None,systematic-review;citation-chasing;evidence-synthesis
120,nerfacc,General NeRF acceleration toolbox,"A PyTorch toolbox for accelerating Neural Radiance Fields (NeRF) training and rendering, providing efficient sampling and rendering modules for 3D reconstruction research.",Computer Vision;3D Reconstruction,novel_view_synthesis;rendering_acceleration,library,Python,https://github.com/nerfstudio-project/nerfacc,,NOASSERTION,nerf;pytorch;acceleration;3d-reconstruction
121,nerfstudio,Modular framework for Neural Radiance Fields development,"A collaboration-friendly studio for NeRFs, providing a modular API to create, train, and visualize NeRFs, standardizing the workflow for 3D reconstruction research.",Computer Vision;3D Reconstruction,novel_view_synthesis;3d_modeling,platform,Python,https://github.com/nerfstudio-project/nerfstudio,https://docs.nerf.studio,Apache-2.0,nerf;3d-vision;framework
122,Difix3D,3D reconstruction improvement using diffusion models,"A tool for improving 3D reconstructions using single-step diffusion models, specifically addressing artifacts in 3D geometry generation.",Computer Vision;3D Reconstruction,3d_reconstruction;geometry_refinement,solver,Python,https://github.com/nv-tlabs/Difix3D,,NOASSERTION,diffusion-models;3d-reconstruction;cvpr
123,TransVAE,Transformer-based VAE for molecular design,"A Transformer-based Variational Autoencoder (VAE) architecture designed for de novo molecular design, enabling the generation of novel chemical structures.",Chemistry;Drug Discovery,molecular_generation;de_novo_design,solver,Jupyter Notebook,https://github.com/oriondollar/TransVAE,,MIT,vae;transformer;molecular-design;generative-models
124,PDEBench,Benchmark suite for scientific machine learning (PDEs),"An extensive benchmark for Scientific Machine Learning (SciML), providing datasets and code for solving Partial Differential Equations (PDEs) using various neural network architectures.",Physics;Scientific Machine Learning,pde_solving;benchmarking,dataset,Python,https://github.com/pdebench/PDEBench,,NOASSERTION,pde;sciml;benchmark;physics
125,MultiStepRetrosynthesisTTL,Multi-step retrosynthesis prediction tool,"A tool for multi-step retrosynthesis planning based on Augmented Disconnection Aware Triple Transformer Loop Predictions, facilitating synthetic route design.",Chemistry;Retrosynthesis,retrosynthesis_planning;reaction_prediction,solver,Python,https://github.com/reymond-group/MultiStepRetrosynthesisTTL,,NOASSERTION,retrosynthesis;transformer;chemistry
126,rxn_yields,Chemical reaction yield prediction and data augmentation,"A library for predicting chemical reaction yields using machine learning models, including data augmentation strategies to improve prediction accuracy.",Chemistry;Reaction Prediction,yield_prediction;data_augmentation,library,Jupyter Notebook,https://github.com/rxn4chemistry/rxn_yields,,MIT,reaction-yield;machine-learning;chemistry
127,mist,MS/MS spectra encoder for molecular property inference,"A tool for encoding Mass Spectrometry (MS/MS) spectra using formula transformers to infer molecular properties, aiding in metabolite identification.",Chemistry;Metabolomics,spectra_encoding;property_inference,solver,Jupyter Notebook,https://github.com/samgoldman97/mist,,MIT,mass-spectrometry;molecular-properties;transformer
128,reaction_yield_nn,Uncertainty-aware chemical reaction yield prediction,A graph neural network implementation for predicting chemical reaction yields with uncertainty quantification.,Chemistry;Reaction Prediction,yield_prediction;uncertainty_quantification,solver,Python,https://github.com/seokhokang/reaction_yield_nn,,Apache-2.0,gnn;reaction-yield;uncertainty
129,egt,Edge-Augmented Graph Transformer library,"Implementation of Edge-Augmented Graph Transformers, a neural network architecture effective for modeling molecular graphs and other structured scientific data.",Graph Learning;Chemistry,molecular_modeling;graph_representation,library,Python,https://github.com/shamim-hussain/egt,,MIT,graph-transformer;gnn;molecular-graphs
130,egt_pytorch,PyTorch implementation of Edge-Augmented Graph Transformer,"PyTorch implementation of the Edge-Augmented Graph Transformer, facilitating its application in tasks like molecular property prediction.",Graph Learning;Chemistry,molecular_modeling;graph_representation,library,Python,https://github.com/shamim-hussain/egt_pytorch,,MIT,pytorch;graph-transformer;molecular-graphs
131,UnboundedNeRFPytorch,Unbounded and large-scale NeRF implementation,"A PyTorch implementation for training Neural Radiance Fields (NeRF) on unbounded 360-degree scenes, useful for large-scale 3D environment reconstruction.",Computer Vision;3D Reconstruction,novel_view_synthesis;large_scale_reconstruction,solver,Python,https://github.com/sjtuytc/UnboundedNeRFPytorch,,MIT,nerf;unbounded-scenes;pytorch
132,DirectVoxGO,Fast radiance field reconstruction via voxel grid optimization,"A tool for fast Neural Radiance Field (NeRF) reconstruction using direct voxel grid optimization, significantly speeding up training and rendering times.",Computer Vision;3D Reconstruction,novel_view_synthesis;fast_reconstruction,solver,Python,https://github.com/sunset1995/DirectVoxGO,,NOASSERTION,nerf;voxel-grid;acceleration
133,pixel-nerf,NeRF from one or few images,"An implementation of PixelNeRF, a learning framework that predicts continuous neural scene representations from one or a few input images.",Computer Vision;3D Reconstruction,novel_view_synthesis;few_shot_learning,solver,Python,https://github.com/sxyu/pixel-nerf,,BSD-2-Clause,nerf;few-shot;3d-reconstruction
134,linchemin,Toolkit for linked chemical information and route analysis,"A Python toolkit for processing linked chemical reaction data, providing interfaces to computer-aided synthesis prediction (CASP) tools and metrics for synthetic route analysis.",Chemistry;Retrosynthesis,route_analysis;casp_interface,library,Python,https://github.com/syngenta/linchemin,,MIT,casp;synthetic-routes;cheminformatics
135,ReLM,Language models for chemical reaction prediction,"A framework leveraging pre-trained language models to enhance chemical reaction prediction tasks, demonstrating the application of NLP techniques in chemistry.",Chemistry;Reaction Prediction,reaction_prediction;language_modeling,solver,Python,https://github.com/syr-cn/ReLM,,None,llm;reaction-prediction;nlp-for-chemistry
136,taichi-nerfs,High-performance NeRF implementations using Taichi,"A collection of Neural Radiance Field (NeRF) variants implemented using Taichi and PyTorch, focusing on high-performance rendering and training.",Computer Vision;High Performance Computing,novel_view_synthesis;rendering_acceleration,library,Python,https://github.com/taichi-dev/taichi-nerfs,,Apache-2.0,taichi;nerf;acceleration
137,grover,Self-supervised graph transformer for molecular data,"A PyTorch implementation of GROVER, a self-supervised graph transformer pre-trained on large-scale molecular data for learning rich molecular representations.",Chemistry;Molecular Representation,molecular_embedding;property_prediction,solver,Python,https://github.com/tencent-ailab/grover,,NOASSERTION,graph-transformer;self-supervised-learning;molecular-data
138,ASKCOS,Comprehensive software platform for computer-aided synthesis planning (CASP),"ASKCOS (Automated System for Knowledge-Based Continuous Organic Synthesis) is a platform that integrates various data-driven models to perform retrosynthetic analysis, forward reaction prediction, and reaction condition recommendation.",Chemistry,retrosynthesis_planning;reaction_prediction,platform,Python,https://github.com/ASKCOS/ASKCOS,https://askcos.mit.edu/,NOASSERTION,casp;retrosynthesis;synthesis-planning
139,askcos-core,Core Python library for the ASKCOS synthesis planning platform,"Provides the backend logic and API definitions for the ASKCOS platform, handling tasks such as tree search management and model interfacing for chemical reactivity prediction.",Chemistry,retrosynthesis_planning,library,Python,https://github.com/ASKCOS/askcos-core,,NOASSERTION,backend;api;casp
140,ASKCOSv2 (Chemhacktica fork),Modified version of ASKCOSv2 for Chemhacktica project,"A fork of the ASKCOSv2 synthesis planning tool, adapted with specific configurations and features for the Chemhacktica initiative.",Chemistry,retrosynthesis_planning,platform,Python,https://github.com/FourThievesVinegar/ASKCOSv2,,MIT,casp;fork;chemhacktica
141,askcos2_core,Core logic library for ASKCOSv2 synthesis planning,"The core Python package powering the second version of the ASKCOS platform, providing improved algorithms for retrosynthetic route planning.",Chemistry,retrosynthesis_planning,library,Python,https://github.com/FourThievesVinegar/askcos2_core,,MIT,casp;core-library
142,SynPlanner,Tool for computer-aided synthesis planning,A software tool designed to assist chemists in planning synthetic routes for organic molecules using computational methods.,Chemistry,retrosynthesis_planning,solver,Jupyter Notebook,https://github.com/Laboratoire-de-Chemoinformatique/SynPlanner,,MIT,synthesis-planning;casp
143,AiZynthFinder,Retrosynthetic planning tool using Monte Carlo Tree Search,A robust tool for retrosynthetic planning that combines neural network-based policy and value networks with Monte Carlo Tree Search (MCTS) to find synthetic routes.,Chemistry,retrosynthesis_planning,solver,Python,https://github.com/MolecularAI/aizynthfinder,https://molecularai.github.io/aizynthfinder/,MIT,mcts;retrosynthesis;neural-networks
144,DirectMultiStep,Direct route generation for multistep retrosynthesis,"A deep learning approach for predicting multistep retrosynthetic routes directly, rather than step-by-step.",Chemistry,retrosynthesis_planning,solver,Python,https://github.com/batistagroup/DirectMultiStep,,MIT,multistep-synthesis;deep-learning
145,ReTReK,Data-driven retrosynthesis planning using knowledge graphs,An application for retrosynthesis planning that leverages retrosynthesis knowledge and data-driven strategies to propose synthetic pathways.,Chemistry,retrosynthesis_planning,solver,Pawn,https://github.com/clinfo/ReTReK,,MIT,knowledge-graph;retrosynthesis
146,DESP,Double-Ended Synthesis Planning with Goal-Constrained Bidirectional Search,"A synthesis planning algorithm that uses bidirectional search to connect a target molecule to available starting materials, optimizing for convergence.",Chemistry,retrosynthesis_planning,solver,Python,https://github.com/coleygroup/desp,,MIT,bidirectional-search;synthesis-planning
147,retrosynthesis_planner,General purpose retrosynthesis planner,A Python-based planner for performing retrosynthetic analysis to identify potential synthetic routes for target molecules.,Chemistry,retrosynthesis_planning,solver,Python,https://github.com/frnsys/retrosynthesis_planner,,GPL-3.0,retrosynthesis;planning
148,Syntheseus,Standardized package for retrosynthetic planning algorithms,"A library that provides a unified interface for various retrosynthesis planning algorithms and reaction models, facilitating benchmarking and development.",Chemistry,retrosynthesis_planning;benchmarking,library,Python,https://github.com/microsoft/syntheseus,,MIT,benchmarking;retrosynthesis;standardization
149,LightZero,Unified benchmark and library for Monte Carlo Tree Search (MCTS),"A comprehensive MCTS library designed for general sequential decision scenarios, widely applicable to scientific planning tasks like molecular design and retrosynthesis.",Computer Science;Chemistry,search_algorithm;planning,library,Python,https://github.com/opendilab/LightZero,https://opendilab.github.io/LightZero/,Apache-2.0,mcts;reinforcement-learning;decision-making
150,RAscore,Retrosynthetic Accessibility (RA) score calculator,"A machine learning model to estimate the retrosynthetic accessibility (feasibility of synthesis) of chemical compounds, trained on CASP data.",Chemistry,synthetic_accessibility_scoring,library,Python,https://github.com/reymond-group/RAscore,,MIT,scoring;accessibility;machine-learning
151,ChemTS,Molecule design using Monte Carlo Tree Search,A tool for de novo molecule design that combines Monte Carlo Tree Search with a recurrent neural network to generate novel chemical structures.,Chemistry,molecular_generation;search_algorithm,solver,Python,https://github.com/tsudalab/ChemTS,,MIT,mcts;de-novo-design;rnn
152,DP-ChemTS,Distributed parallel framework for ChemTS,"A distributed version of the ChemTS molecule design algorithm, enabling parallelized Monte Carlo Tree Search for accelerated discovery.",Chemistry,molecular_generation;search_algorithm,solver,Python,https://github.com/tsudalab/DP-ChemTS,,MIT,distributed-computing;mcts;parallelization
153,GraphRetro,Graph-based models for retrosynthesis prediction,Implementation of graph neural network models for predicting retrosynthetic disconnections and reactants.,Chemistry,retrosynthesis_prediction,solver,Python,https://github.com/vsomnath/graphretro,,MIT,gnn;graph-neural-networks;retrosynthesis
154,ASKCOSv2 (Mirror),Mirror of the ASKCOSv2 synthesis planning platform,"A mirror of the ASKCOSv2 project, providing computer-aided synthesis planning capabilities with specific customizations (Chemhacktica-flavored).",Chemistry;C3;C3-04,synthesis_planning;retrosynthesis,platform,Python,https://github.com/FourThievesVinegar/ASKCOSv2,,None,casp;mirror;synthesis
155,askcos2_core (Mirror),Mirror of the core library for ASKCOSv2,"A mirror of the askcos2-core package, providing the underlying algorithms and logic for the ASKCOSv2 synthesis planning system.",Chemistry;C3;C3-04,synthesis_planning;backend,library,Python,https://github.com/FourThievesVinegar/askcos2_core,,MIT,core;synthesis;mirror
156,RDTool,Optimized Reaction Decoder Tool for atom mapping,"An optimized version of the Reaction Decoder Tool (RDTool) used for reaction atom mapping and analysis, essential for reaction data processing.",Chemistry;C3,atom_mapping;reaction_analysis,solver,Java,https://github.com/Laboratoire-de-Chemoinformatique/RDTool,,LGPL-2.1,atom-mapping;reaction-decoder;java
157,MANULS,Electrostatic catalysis optimization program,A program designed to find the smallest electric field required to remove the reaction barrier for electrostatic catalysis of chemical reactions.,Chemistry;C3-04,catalysis_optimization;reaction_barrier_analysis,solver,Python,https://github.com/MSeveri96/MANULS,,LGPL-2.1,catalysis;electrostatics;reaction-barrier
158,ReactiveDynamics.jl,Julia package for reaction network dynamical systems,A Julia package implementing a category of reaction (transportation) network-type dynamical systems for modeling reactive dynamics.,Chemistry;C3,reaction_dynamics;network_modeling,library,Julia,https://github.com/Merck/ReactiveDynamics.jl,,NOASSERTION,julia;dynamics;reaction-network
159,aizynthfinder,Retrosynthetic planning tool,A tool for retrosynthetic planning that uses neural networks and tree search algorithms to suggest synthesis routes for target molecules.,Chemistry;C3;C3-04,retrosynthesis;route_planning,solver,Python,https://github.com/MolecularAI/aizynthfinder,https://molecularai.github.io/aizynthfinder/,MIT,retrosynthesis;ai-planning;cheminformatics
160,AARON,Automated Reaction Optimizer for New catalysts,"A tool that automates DFT optimizations of transition state (TS) structures for asymmetric catalytic reactions, facilitating catalyst discovery.",Chemistry;C3-04,reaction_optimization;ts_search;dft_automation,solver,Perl,https://github.com/QChASM/Aaron,,GPL-3.0,catalysis;dft;optimization
161,AROPS,Automated Reaction Optimization with Parallelized Scheduling,A framework for automated reaction optimization that employs parallelized scheduling to efficiently explore reaction conditions.,Chemistry;C3-04,reaction_optimization;process_scheduling,framework,Python,https://github.com/Ruan-Yixiang/AROPS,,MIT,automation;optimization;scheduling
162,SA_score,Synthetic Accessibility score calculator,"A standalone implementation for calculating the Synthetic Accessibility (SA) score of molecules, used to estimate the difficulty of synthesizing a compound.",Chemistry;C3-04,feasibility_scoring;synthetic_accessibility,library,Python,https://github.com/UnixJunkie/SA_score,,None,sa-score;cheminformatics;feasibility
163,pyGSM,Reaction path optimization and discovery tool,A Python tool for thermal and photochemical reaction path optimization and discovery using the Growing String Method (GSM).,Chemistry;C3,reaction_path_optimization;mechanism_discovery,solver,Python,https://github.com/ZimmermanGroup/pyGSM,,MIT,gsm;reaction-path;photochemistry
164,precomplex_generator,Input structure generator for TS searches,A tool for generating suitable precomplex input structures for automated transition-state (TS) searches based on single-ended reaction path optimization algorithms.,Chemistry;C3,ts_search;structure_generation,solver,Python,https://github.com/basf/precomplex_generator,,GPL-3.0,transition-state;computational-chemistry;automation
165,reacnetgenerator,Reaction network generator for MD simulations,An automatic reaction network generator designed for analyzing reactive molecular dynamics simulations and extracting reaction networks.,Chemistry;C3,reaction_network_generation;md_analysis,library,Python,https://github.com/deepmodeling/reacnetgenerator,,LGPL-3.0,molecular-dynamics;reaction-network;analysis
166,EDBO+,Bayesian reaction optimization tool,"EDBO+ (Experimental Design via Bayesian Optimization) is a tool for chemical synthesis optimization, utilizing Bayesian optimization to recommend experimental conditions.",Chemistry;C3-04,reaction_optimization;experimental_design,solver,Python,https://github.com/doyle-lab-ucla/edboplus,,MIT,bayesian-optimization;synthesis;automation
167,CrossSpeciesWorkflow,CWL workflow for protein structure and phenotype prediction,"A Common Workflow Language (CWL) workflow that integrates multiple third-party prediction methods for protein secondary structure, solvent accessibility, and modifications.",Biology;Chemistry,structure_prediction;property_prediction,workflow,Python,https://github.com/eliza-m/CrossSpeciesWorkflow,,None,cwl;protein-structure;workflow
168,pysisyphus,Reaction path and stationary point optimization suite,A Python suite for the optimization of stationary points on ground- and excited-state potential energy surfaces and the determination of reaction paths.,Chemistry;C3,reaction_path_optimization;pes_exploration,library,Python,https://github.com/eljost/pysisyphus,https://pysisyphus.readthedocs.io/,GPL-3.0,quantum-chemistry;optimization;reaction-path
169,RNAsnap2,RNA solvent accessibility prediction tool,A tool for single-sequence and profile-based prediction of RNA solvent accessibility using dilated convolution neural networks.,Biology;Chemistry,rna_structure_prediction;solvent_accessibility,solver,Perl,https://github.com/jaswindersingh2/RNAsnap2,,MPL-2.0,rna;deep-learning;structure-prediction
170,SYBA,Synthetic Bayesian Accessibility scoring tool for organic compounds,A classification tool that calculates a score (SYBA) to estimate the synthetic accessibility of organic molecules based on the distribution of substructures in easy-to-synthesize and hard-to-synthesize datasets.,C3;C3-04,synthetic_accessibility_scoring;feasibility_analysis,library,Python,https://github.com/lich-uct/syba,,GPL-3.0,synthetic-accessibility;scoring-function;cheminformatics
171,ChemOpt,Deep reinforcement learning framework for chemical reaction optimization,"A framework that utilizes deep reinforcement learning to optimize chemical reaction conditions, aiming to maximize yield or other objectives through automated exploration of the parameter space.",C3;C3-04,reaction_optimization;condition_recommendation,solver,Python,https://github.com/lightingghost/chemopt,,MIT,reinforcement-learning;reaction-optimization;automation
172,RAScore,Tool for analyzing and classifying RAS protein structures,"A specialized tool designed to analyze the structures of RAS proteins, facilitating the classification and study of this critical protein family in biology.",Biology,protein_structure_analysis;structural_biology,library,Python,https://github.com/mitch-parker/rascore,,Apache-2.0,ras-protein;structure-analysis;bioinformatics
173,AZURE2,R-Matrix minimization code for nuclear astrophysics reaction analysis,"A specialized code for the analysis of complex multi-level multi-channel nuclear reactions, optimized for low energy charged particle reactions relevant to stellar nucleosynthesis.",Physics;Nuclear Astrophysics,nuclear_reaction_analysis;r-matrix_calculation,solver,C++,https://github.com/rdeboer1/AZURE2,https://azure.nd.edu/,None,nuclear-physics;astrophysics;reaction-analysis
174,CORDA,Cost Optimization Reaction Dependency Assessment for metabolic models,"A Python implementation for reconstructing genome-scale metabolic models using the CORDA algorithm, which assesses reaction dependencies to build concise metabolic networks.",Biology;Systems Biology,metabolic_model_reconstruction;network_analysis,library,Python,https://github.com/resendislab/corda,,MIT,metabolic-modeling;systems-biology;reconstruction
175,Summit,Machine learning platform for chemical reaction optimization,"A comprehensive toolkit for optimizing chemical reactions, providing interfaces for various machine learning algorithms and benchmarks to accelerate the discovery of optimal reaction conditions.",C3;C3-04,reaction_optimization;experimental_design,platform,Python,https://github.com/sustainable-processes/summit,https://summit.readthedocs.io/,MIT,reaction-optimization;bayesian-optimization;machine-learning
176,gopt,Library for molecular geometry optimization and reaction pathway determination,"A Python library designed for optimizing molecular structures and finding chemical reaction pathways, suitable for computational chemistry workflows.",Chemistry;C3,geometry_optimization;reaction_pathway_analysis,library,Python,https://github.com/theochem/gopt,,LGPL-3.0,computational-chemistry;geometry-optimization;reaction-pathway
177,um6p-chemistry-kg,NLP pipeline for constructing chemistry knowledge graphs from abstracts,A project utilizing NLP and graph techniques to extract information from chemistry research paper abstracts and construct a domain-specific knowledge graph.,Chemistry;C3-05,knowledge_graph_construction;information_extraction;nlp,workflow,Jupyter Notebook,https://github.com/AnasAito/um6p-chemistry-kg,,None,knowledge-graph;nlp;chemistry-abstracts
178,2pSAM_recon,Reconstruction pipeline for two-photon synthetic aperture microscopy,A MATLAB-based reconstruction pipeline for two-photon synthetic aperture microscopy (2pSAM) incorporating digital adaptive optics (DAO).,Physics;Biology,image_reconstruction;microscopy;adaptive_optics,workflow,MATLAB,https://github.com/BBNCELi/2pSAM_recon,,None,microscopy;image-processing;matlab
179,cmc-knowledge-graph-setup,"Infrastructure for Chemistry, Manufacturing and Control (CMC) Knowledge Graph","A setup for creating and managing a Knowledge Graph focused on Chemistry, Manufacturing, and Control (CMC), including data integration and ontology management.",Chemistry;C3-05,knowledge_graph_construction;data_integration,platform,,https://github.com/Bayer-Group/cmc-knowledge-graph-setup,,BSD-3-Clause,knowledge-graph;cmc;ontology
180,ChemEagle,Multi-agent system for information extraction from chemical literature,"A multi-agent framework designed to extract versatile information from chemical literature, enabling automated knowledge acquisition.",Chemistry;C3-05,information_extraction;literature_mining;multi_agent_system,solver,Python,https://github.com/CYF2000127/ChemEagle,,MIT,llm;agents;literature-extraction
181,ChemDataExtractor,Automated extraction of chemical property information from scientific documents,"A toolkit for extracting chemical names, properties, and spectra from scientific text using NLP and rule-based methods.",Chemistry;C3-05,information_extraction;text_mining;property_extraction,library,Python,https://github.com/CambridgeMolecularEngineering/chemdataextractor,http://chemdataextractor.org,MIT,nlp;chemical-extraction;text-mining
182,ChemDataExtractor2,Updated pipeline for chemical property extraction from text,"Version 2.0 of ChemDataExtractor, offering improved capabilities for mining chemical information from scientific literature.",Chemistry;C3-05,information_extraction;text_mining,library,HTML,https://github.com/CambridgeMolecularEngineering/chemdataextractor2,,NOASSERTION,nlp;chemistry;extraction
183,ChemLLMBench,Benchmark suite for Large Language Models in chemistry tasks,A comprehensive benchmark evaluating the performance of Large Language Models across eight different chemistry-related tasks.,Chemistry;C3,benchmarking;model_evaluation,solver,Jupyter Notebook,https://github.com/ChemFoundationModels/ChemLLMBench,,None,benchmark;llm;chemistry
184,DeepTrack2,Deep learning library for particle tracking and image analysis,"A modular Python library for generating, manipulating, and analyzing image data pipelines, specifically designed for deep learning in experimental imaging and particle tracking.",Physics;Biology,image_analysis;particle_tracking;simulation,library,Jupyter Notebook,https://github.com/DeepTrackAI/DeepTrack2,https://deeptrack-20.readthedocs.io/,MIT,microscopy;deep-learning;tracking
185,chemdataextractorTADF,Specialized extractor for TADF material properties,A modified version of ChemDataExtractor tailored for extracting properties of thermally-activated delayed fluorescent (TADF) materials from literature.,Chemistry;Materials Science;C3-05,information_extraction;property_extraction,solver,HTML,https://github.com/Dingyun-Huang/chemdataextractorTADF,,NOASSERTION,tadf;materials-science;extraction
186,pyopsin,Python wrapper for OPSIN chemical nomenclature parser,"A Python interface to OPSIN (Open Parser for Systematic IUPAC nomenclature), allowing conversion of IUPAC names to chemical structures.",Chemistry;C3,chemical_name_parsing;structure_conversion,library,Python,https://github.com/Dingyun-Huang/pyopsin,,MIT,iupac;opsin;nomenclature
187,ASKCOSv2,Mirror of the ASKCOSv2 synthesis planning project,"A repository containing the code for ASKCOSv2, a platform for computer-aided synthesis planning and chemical reactivity prediction.",Chemistry;C3,synthesis_planning;retrosynthesis,platform,,https://github.com/FourThievesVinegar/ASKCOSv2,,None,casp;retrosynthesis;askcos
188,global-chem,Knowledge graph and toolkit for common chemical names,"A software toolkit and knowledge graph mapping common chemical names to their molecular definitions and SMILES strings, accessible via Python.",Chemistry;C3-05,knowledge_graph_access;chemical_normalization,library,Jupyter Notebook,https://github.com/Global-Chem/global-chem,https://global-chem.github.io/Global-Chem/,MPL-2.0,knowledge-graph;chemical-names;dictionary
189,Retrieval-Retro,Retrieval-based inorganic retrosynthesis tool,"Implementation of a retrieval-augmented generation approach for inorganic retrosynthesis, incorporating expert knowledge.",Chemistry;C3;C3-05,retrosynthesis;rag;inorganic_chemistry,solver,Python,https://github.com/HeewoongNoh/Retrieval-Retro,,None,retrosynthesis;rag;inorganic
190,py2opsin,Simple Python interface to OPSIN,"A lightweight Python wrapper for the OPSIN Java library, enabling systematic IUPAC nomenclature parsing to chemical structures.",Chemistry;C3,chemical_name_parsing;structure_conversion,library,Python,https://github.com/JacksonBurns/py2opsin,https://pypi.org/project/py2opsin/,MIT,opsin;iupac;wrapper
191,Bio-Domain-Transfer,Named Entity Recognition under domain shift for life sciences,"Implementation of metric learning approaches for Named Entity Recognition (NER) in life sciences, specifically handling domain shifts.",Biology;Chemistry;C3-05,named_entity_recognition;nlp;domain_adaptation,solver,Python,https://github.com/Lhtie/Bio-Domain-Transfer,,None,ner;bio-nlp;metric-learning
192,ZOSPy,Python wrapper for Zemax OpticStudio API,"A Python library providing an intuitive interface to the Zemax OpticStudio API via .NET, facilitating optical simulations and analysis.",Physics;Optics,optical_simulation;api_wrapper,library,Python,https://github.com/MREYE-LUMC/ZOSPy,https://zospy.readthedocs.io/,MIT,optics;zemax;simulation
193,organic-chemistry-reaction-prediction-using-NMT,Reaction prediction using Neural Machine Translation,An implementation of organic chemistry reaction prediction using Neural Machine Translation (NMT) models with attention mechanisms.,Chemistry;C3,reaction_prediction;nmt,solver,Python,https://github.com/ManzoorElahi/organic-chemistry-reaction-prediction-using-NMT,,None,reaction-prediction;nmt;deep-learning
194,Material-Knowledge-Graph,Large-scale knowledge graph for material science,"A project providing a large-scale Knowledge Graph for material science, likely including scripts for construction or querying.",Materials Science;C3-05,knowledge_graph;materials_informatics,dataset,Jupyter Notebook,https://github.com/MasterAI-EAM/Material-Knowledge-Graph,,None,knowledge-graph;materials-science
195,PyRhO,Virtual optogenetics laboratory simulation tool,"A Python module for simulating optogenetic tools and neurons, acting as a virtual laboratory for experimental planning and analysis.",Biology;Neuroscience,simulation;optogenetics;neuron_modeling,library,Python,https://github.com/ProjectPyRhO/PyRhO,http://www.imperial.ac.uk/a-z-research/computational-neuroscience/software-and-data/pyrho/,BSD-3-Clause,optogenetics;neuroscience;simulation
196,BandgapDatabase1,Code for generating a bandgap database using ChemDataExtractor,Scripts and tools to generate a database of bandgap values from literature using ChemDataExtractor.,Materials Science;Chemistry;C3-05,information_extraction;database_generation;property_mining,solver,Python,https://github.com/QingyangDong-qd220/BandgapDatabase1,,MIT,bandgap;extraction;materials
197,OPSIN,Open Parser for Systematic IUPAC Nomenclature to structure conversion,"A Java library for converting IUPAC chemical nomenclature into semantic chemical structures (CML, SMILES, InChI). It supports a wide range of organic and inorganic nomenclature.",C3;C3-05,data_processing;normalization;structure_conversion,library,Java,https://github.com/dan2097/opsin,https://opsin.ch.cam.ac.uk/,MIT,iupac;cheminformatics;name-to-structure
198,Patent Reaction Extraction,Text mining toolkit for extracting chemical reactions from patents,"A Java-based system for extracting chemical reaction information from patent text, including reactants, products, and conditions. It is designed to handle the complex linguistic structures found in patent literature.",C3;C3-05,extraction;text_mining;patent_analysis,solver,Java,https://github.com/dan2097/patent-reaction-extraction,,MIT,text-mining;patents;reaction-extraction
199,ReactionDataExtractor v2,Toolkit for extraction of information from chemical reaction schemes,"An updated version of ReactionDataExtractor designed to automatically extract chemical reaction schemes and associated data from scientific literature, facilitating the creation of reaction databases.",C3;C3-05,extraction;text_mining;reaction_schemes,library,Python,https://github.com/dmw51/reactiondataextractor2,,MIT,reaction-extraction;cheminformatics;literature-mining
200,MSTM-Spectrum,Wrapper for Multiple Sphere T-Matrix code for SPR spectrum calculation,"A Python wrapper for the Multiple Sphere T-Matrix (MSTM) code and Mie theory, used to calculate Surface Plasmon Resonance (SPR) spectra and fit them to experimental data.",C3;Physics,simulation;spectroscopy;fitting,solver,Python,https://github.com/lavakyan/mstm-spectrum,,GPL-3.0,t-matrix;plasmon-resonance;spectroscopy
201,LBNLP,NLP tools for materials science and chemistry from LBNL,"A collection of Natural Language Processing tools specifically designed for materials science and chemistry text mining, developed by the Lawrence Berkeley National Lab.",C3;C3-05;Materials,nlp;text_mining;extraction,library,Python,https://github.com/lbnlp/lbnlp,,BSD-2-Clause,nlp;materials-science;text-mining
202,PatentChem,Tool for downloading patents and finding related molecules,"A tool that automates the downloading of USPTO patents and identifies molecules related to specific keyword queries, facilitating chemical patent analysis.",C3;C3-05,retrieval;patent_mining;molecule_identification,solver,Python,https://github.com/learningmatter-mit/PatentChem,,MIT,patents;uspto;molecule-mining
203,Bio-NER,Biomedical Named Entity Recognition for diseases and chemicals,"A library for Biomedical Named Entity Recognition (NER) and Normalization, focusing on diseases, chemicals, and genetic entities using state-of-the-art models.",C3;C3-05;Biology,ner;entity_extraction;normalization,library,Jupyter Notebook,https://github.com/librairy/bio-ner,,Apache-2.0,ner;biomedical;entity-recognition
204,PubChemPy,Python wrapper for the PubChem PUG REST API,"A Python library that provides a convenient wrapper for the PubChem PUG REST API, allowing users to search, download, and manipulate chemical data from PubChem programmatically.",C3;C3-05,retrieval;api_wrapper;data_access,library,Python,https://github.com/mcs07/PubChemPy,https://pubchempy.readthedocs.io/,MIT,pubchem;api-wrapper;chemical-database
205,ApeTokenizer,Tokenizer for chemical SMILES and SELFIES sequences,"A specialized tokenizer designed for processing chemical string representations like SMILES and SELFIES, optimized for use with transformer-based machine learning models in chemistry.",C3;C3-05,tokenization;data_processing;nlp,library,Python,https://github.com/mikemayuare/apetokenizer,,NOASSERTION,tokenizer;smiles;selfies
206,Rxn-INSIGHT,Tool for analyzing chemical databases and predicting reaction conditions,A cheminformatics tool for analyzing chemical reaction databases and predicting reaction conditions. It aids in understanding reaction patterns and optimizing synthetic routes.,C3,prediction;analysis;reaction_conditions,solver,Python,https://github.com/mrodobbe/Rxn-INSIGHT,,MIT,reaction-prediction;cheminformatics;reaction-conditions
207,Cactus,LLM Agent leveraging cheminformatics tools for informed responses,"An LLM-based agent developed by PNNL that integrates various cheminformatics tools to provide accurate and informed responses to chemistry-related queries, acting as a retrieval-augmented generation system.",C3;C3-05,agent;rag;qa,solver,Jupyter Notebook,https://github.com/pnnl/cactus,,BSD-2-Clause,llm-agent;cheminformatics;rag
208,ChemSpot,Named entity recognition tool for identifying chemical mentions in natural language texts,"ChemSpot is a tool designed to identify mentions of chemicals in text, covering trivial names, drugs, abbreviations, molecular formulas, and IUPAC entities. It employs a hybrid approach combining a Conditional Random Field (CRF) with a dictionary to handle the diverse naming characteristics of chemical entities.",C3;C3-05,named_entity_recognition;information_extraction;text_mining,solver,Java,https://github.com/rockt/ChemSpot,,NOASSERTION,ner;chemistry;nlp;text-mining
209,RXNMapper,Unsupervised attention-guided atom-mapping tool for chemical reactions,"RXNMapper provides a method for atom-mapping chemical reactions using an unsupervised attention-guided approach. It extracts organic chemistry grammar from chemical reactions, serving as a critical component for reaction prediction and mechanism understanding tasks.",C3;C3-05,atom_mapping;reaction_grammar_extraction;data_processing,library,Python,https://github.com/rxn4chemistry/rxnmapper,https://advances.sciencemag.org/content/7/15/eabe4166,MIT,atom-mapping;transformers;reaction-prediction;chemistry
210,MolFlux,A foundational package for molecular predictive modelling and drug discovery,"A Python library developed by Exscientia for molecular predictive modelling. It provides a foundational framework to build, train, and evaluate models for drug discovery and chemical properties, integrating with the Hugging Face ecosystem.",C3;Chemistry,molecular_modelling;property_prediction,library,Python,https://github.com/Exscientia/molflux,https://exscientia.github.io/molflux/,MIT,drug-discovery;machine-learning;molecular-modelling
211,USPTO-LLM,LLM-assisted information-enriched chemical reaction dataset,"A dataset and benchmarking resource derived from USPTO data, enriched using Large Language Models to assist in chemical reaction prediction and analysis tasks.",C3;C3-06,dataset_generation;reaction_prediction,dataset,Jupyter Notebook,https://github.com/GONGSHUKAI/USPTO_LLM,,MIT,chemical-reaction;dataset;llm
212,PaRoutes,Framework for benchmarking multi-step retrosynthesis predictions,A framework designed to benchmark route predictions in multi-step retrosynthesis. It provides tools to evaluate the feasibility and efficiency of synthetic routes generated by AI models.,C3;C3-06,benchmarking;retrosynthesis,platform,Python,https://github.com/MolecularAI/PaRoutes,https://molecularai.github.io/PaRoutes/,Apache-2.0,retrosynthesis;benchmarking;synthetic-routes
213,rxnpredict,Predicting reaction performance using machine learning,"An R package for predicting the performance (e.g., yield, selectivity) of chemical reactions using machine learning techniques.",C3,reaction_prediction;yield_prediction,solver,R,https://github.com/doylelab/rxnpredict,,MIT,reaction-prediction;machine-learning;chemistry
214,chembench,Automated benchmark for evaluating LLMs on chemistry tasks,A Python package for benchmarking Large Language Models (LLMs) on various chemistry-related questions and tasks to assess their domain knowledge and reasoning.,C3;C3-06,benchmarking;llm_evaluation,platform,Python,https://github.com/lamalab-org/chembench,https://lamalab-org.github.io/chembench/,MIT,chemistry;llm;benchmark
215,smiles2actions,Action sequence prediction for chemical equations,A tool to predict the sequence of experimental actions required to perform a chemical reaction given its chemical equation (SMILES).,C3,action_prediction;lab_automation,solver,Python,https://github.com/rxn4chemistry/smiles2actions,,MIT,smiles;robotic-synthesis;action-prediction
216,ChemBench,MoleculeNet benchmark dataset & MolMapNet dataset loader,"A repository providing access to MoleculeNet benchmark datasets and MolMapNet datasets, facilitating the evaluation of molecular property prediction models.",C3;C3-06,benchmarking;dataset_access,dataset,HTML,https://github.com/shenwanxiang/ChemBench,,NOASSERTION,benchmark;moleculenet;dataset
217,SciML-Bench,SciML Benchmarking Suite for AI for Science,"A benchmarking suite designed to evaluate AI models across various scientific domains (AI for Science), providing standardized metrics and datasets.",C3;C3-06,benchmarking;scientific_machine_learning,platform,Python,https://github.com/stfc-sciml/sciml-bench,https://sciml-bench.readthedocs.io/,MIT,sciml;benchmark;ai4s
218,LinChemIn,Toolkit for analyzing and benchmarking chemical synthetic routes,A Python toolkit that leverages the connectivity of chemical reaction data to provide actionable insights and calculate metrics on predicted chemical synthetic routes from various CASP tools.,C3;C3-06,route_analysis;benchmarking,library,Python,https://github.com/syngenta/linchemin,https://syngenta.github.io/linchemin/,MIT,synthetic-routes;metrics;casp
